Ink Name,PMS,Swatch Hex (approx.),Fluorescent,Source
White,,#FFFFFF,,Added (not on chart)
Black,,#111111,,Added (not on chart)
Reflex Blue,PMS 072 C,#084393,,PMS to Ink chart
Sunburst,PMS 101 C,#FBF063,,PMS to Ink chart
Michigan Yellow,PMS 109 C,#FEE203,,PMS to Ink chart
Butter,PMS 1205 C,#FEFAD4,,PMS to Ink chart
Soleil,PMS 121 C,#FEE777,,PMS to Ink chart
Sun Gold,PMS 123 C,#FFD900,,PMS to Ink chart
Gold,PMS 1235 C,#FACD1A,,PMS to Ink chart
Citrus Gold,PMS 124 C,#F7BC34,,PMS to Ink chart
Honey,PMS 1245 C,#C09404,,PMS to Ink chart
Cider,PMS 1255 C,#BC8818,,PMS to Ink chart
Maize,PMS 1345 C,#FFD98E,,PMS to Ink chart
Weathered Gold,PMS 1375 C,#F8A82F,,PMS to Ink chart
Karat,PMS 145 C,#EC9C24,,PMS to Ink chart
Mango,PMS 1485 C,#F8CD7E,,PMS to Ink chart
Baked Coral,PMS 1495 C,#F78320,,PMS to Ink chart
Flesh,PMS 156 C,#FFD3A2,,PMS to Ink chart
Light Orange,PMS 1585 C,#F47F38,,PMS to Ink chart
Peach,PMS 162 U,#FDB493,,PMS to Ink chart
Cantaloupe,PMS 1635 C,#F49074,,PMS to Ink chart
Tangelo,PMS 1645 C,#F48054,,PMS to Ink chart
Pumpkin,PMS 167 C,#D36B24,,PMS to Ink chart
Texas Orange,PMS 1685 C,#9C5017,,PMS to Ink chart
Georgia Peach,PMS 170 U,#F7AC80,,PMS to Ink chart
Outrage Orange,PMS 173 U,#E4681F,,PMS to Ink chart
Rust,PMS 174 C,#B73328,,PMS to Ink chart
Guava,PMS 178 U,#DC6C6C,,PMS to Ink chart
Sunset,PMS 1788 C,#EC3830,,PMS to Ink chart
Orange,PMS 179 C,#EF571C,,PMS to Ink chart
Red,PMS 1797 C,#C31828,,PMS to Ink chart
Auburn,PMS 1815 C,#8C2830,,PMS to Ink chart
Athletic Cardinal,PMS 188 C,#9C1834,,PMS to Ink chart
Rhubarb,PMS 193 C,#D7104C,,PMS to Ink chart
Light Cardinal,PMS 194 C,#BC2444,,PMS to Ink chart
Temple Maroon,PMS 195 C,#800C24,,PMS to Ink chart
Scarlet,PMS 200 C,#D31344,,PMS to Ink chart
Terra Cotta,PMS 200 U,#DC545C,,PMS to Ink chart
Crimson,PMS 201 C,#C3243C,,PMS to Ink chart
Simply Red,PMS 202 C,#B32038,,PMS to Ink chart
Memphis Belle,PMS 203 C,#F8ADC1,,PMS to Ink chart
Raspberry,PMS 204 C,#EB8498,,PMS to Ink chart
Deep Pink,PMS 205 C,#EC4F87,,PMS to Ink chart
Magenta,PMS 214 U,#D40458,,PMS to Ink chart
Weathered Red,PMS 216 C,#9C2850,,PMS to Ink chart
Sangria,PMS 221 C,#B02458,,PMS to Ink chart
Shell,PMS 2365 C,#FAC0CC,,PMS to Ink chart
Lipstick,PMS 237 C,#E38CBB,,PMS to Ink chart
Plum,PMS 242 C,#AF4C87,,PMS to Ink chart
Red Violet,PMS 242 U,#934C73,,PMS to Ink chart
Orchid,PMS 263 C,#D9CFDA,,PMS to Ink chart
Lavender,PMS 2635 C,#9CA4D0,,PMS to Ink chart
Simba Purple,PMS 2665 U,#7068A4,,PMS to Ink chart
Cambridge Purple,PMS 269 C,#533873,,PMS to Ink chart
Blue Violet,PMS 2715 C,#6083C3,,PMS to Ink chart
Peri,PMS 2726 C,#3067B3,,PMS to Ink chart
Purple,PMS 273 U,#484893,,PMS to Ink chart
Cobalt,PMS 2747 C,#243797,,PMS to Ink chart
Washed Grape,PMS 2755 C,#204777,,PMS to Ink chart
Soft Grape,PMS 2756 U,#344B7F,,PMS to Ink chart
Marine Navy,PMS 2767 C,#000C48,,PMS to Ink chart
Dark Plum,PMS 276 C,#372057,,PMS to Ink chart
Sky,PMS 277 U,#A2CDED,,PMS to Ink chart
Meditation Blue,PMS 278 C,#90B8D8,,PMS to Ink chart
Tropical Blue,PMS 281 C,#003774,,PMS to Ink chart
Navy,PMS 282 C,#002450,,PMS to Ink chart
Powder Blue,PMS 283 C,#7BBFE7,,PMS to Ink chart
Breeze,PMS 284 C,#549BCF,,PMS to Ink chart
Polar Blue,PMS 2905 C,#88D4F8,,PMS to Ink chart
Pacific Blue,PMS 2915 U,#38ABE3,,PMS to Ink chart
Indigo,PMS 295 U,#005498,,PMS to Ink chart
Riviera,PMS 2955 C,#004F83,,PMS to Ink chart
Light Blue,PMS 298 U,#24BBE7,,PMS to Ink chart
Medium Blue,PMS 2995 U,#0093C7,,PMS to Ink chart
Light Royal,PMS 3005 U,#0087C7,,PMS to Ink chart
Tidal,PMS 301 U,#004C78,,PMS to Ink chart
Washed Indigo,PMS 302 U,#1C4C70,,PMS to Ink chart
Columbia Blue,PMS 3025 U,#003F6F,,PMS to Ink chart
Clearwater,PMS 304 C,#A1D8ED,,PMS to Ink chart
Turquoise,PMS 3135 U,#0088B0,,PMS to Ink chart
Bermuda Teal,PMS 3155 C,#006F7B,,PMS to Ink chart
Aqua,PMS 3155 U,#006C80,,PMS to Ink chart
Cayman,PMS 320 U,#00A0B0,,PMS to Ink chart
Island Green,PMS 323 C,#00807C,,PMS to Ink chart
Mint,PMS 3245 C,#98D4CC,,PMS to Ink chart
Billiard Green,PMS 3272 U,#00AFA7,,PMS to Ink chart
Sea Green,PMS 3285 C,#00AC84,,PMS to Ink chart
Weathered Green,PMS 3292 U,#007373,,PMS to Ink chart
Forest Green,PMS 3308 C,#004834,,PMS to Ink chart
Light Green,PMS 339 C,#10B488,,PMS to Ink chart
Grass Green,PMS 341 C,#004733,,PMS to Ink chart
Emerald,PMS 3415 C,#009064,,PMS to Ink chart
Green,PMS 3425 C,#00834C,,PMS to Ink chart
Pistachio,PMS 359 C,#8BC388,,PMS to Ink chart
Grasshopper,PMS 360 C,#68BB64,,PMS to Ink chart
Lime,PMS 361 C,#38B448,,PMS to Ink chart
Midori,PMS 373 C,#C9DE7F,,PMS to Ink chart
Acid Green,PMS 387 C,#ECE95C,,PMS to Ink chart
New Blade,PMS 390 C,#8FA324,,PMS to Ink chart
Earth,PMS 403 U,#989C8C,,PMS to Ink chart
Chino,PMS 414 C,#B0B4AC,,PMS to Ink chart
Concrete,PMS 427 U,#E5E5E5,,PMS to Ink chart
Silver,PMS 428 C,#C4D4D3,,PMS to Ink chart
Oxford Gray,PMS 429 C,#A4AFB4,,PMS to Ink chart
Heather Gray,PMS 430 C,#8C989C,,PMS to Ink chart
Grey,PMS 431 C,#5C7480,,PMS to Ink chart
Charcoal,PMS 432 C,#3C4454,,PMS to Ink chart
Dark Grey,PMS 432 U,#44535F,,PMS to Ink chart
Sage,PMS 444 C,#5C9090,,PMS to Ink chart
Moss Green,PMS 4485 U,#786004,,PMS to Ink chart
Vegas Gold,PMS 4525 C,#DFDBB6,,PMS to Ink chart
Midas,PMS 458 U,#CCA448,,PMS to Ink chart
Bronze,PMS 462 C,#634410,,PMS to Ink chart
Cane,PMS 468 C,#F3E0B5,,PMS to Ink chart
Brown,PMS 469 C,#633400,,PMS to Ink chart
Light Brown,PMS 4705 U,#836454,,PMS to Ink chart
Saffron,PMS 471 U,#C47C5C,,PMS to Ink chart
Shell Brown,PMS 4715 C,#8F7074,,PMS to Ink chart
Bittersweet,PMS 472 U,#E37058,,PMS to Ink chart
Minnesota Tan,PMS 4725 C,#C0907C,,PMS to Ink chart
Light Papaya,PMS 473 U,#FBB68D,,PMS to Ink chart
Almond,PMS 4755 C,#DAC2A8,,PMS to Ink chart
Pecan,PMS 476 C,#4B2000,,PMS to Ink chart
Chestnut,PMS 477 C,#642814,,PMS to Ink chart
Dark Maroon,PMS 497 C,#380004,,PMS to Ink chart
Chicago Maroon,PMS 4975 C,#300008,,PMS to Ink chart
Vassar Cardinal,PMS 505 C,#801C30,,PMS to Ink chart
Cardinal,PMS 5115 C,#2C0008,,PMS to Ink chart
Mulberry,PMS 5125 U,#876377,,PMS to Ink chart
Blackberry,PMS 525 U,#4F3453,,PMS to Ink chart
Baja Blue,PMS 5405 C,#446377,,PMS to Ink chart
Royal,PMS 541 C,#00579F,,PMS to Ink chart
Wedgewood,PMS 5415 C,#2F7897,,PMS to Ink chart
Cool Grey,PMS 5435 U,#B3C4D8,,PMS to Ink chart
Chambray,PMS 549 C,#78ABCC,,PMS to Ink chart
Mist,PMS 5507 U,#A4BCB4,,PMS to Ink chart
Hunter,PMS 5535 C,#04483C,,PMS to Ink chart
Vine,PMS 554 C,#185038,,PMS to Ink chart
Sea Grass,PMS 554 U,#40584C,,PMS to Ink chart
Evergreen,PMS 555 C,#006838,,PMS to Ink chart
Dark Green,PMS 560 C,#004C34,,PMS to Ink chart
Aloe,PMS 5625 C,#608478,,PMS to Ink chart
Military,PMS 5743 C,#445C3C,,PMS to Ink chart
Willow,PMS 5767 U,#7C804C,,PMS to Ink chart
Rosemary,PMS 5773 C,#7F9765,,PMS to Ink chart
Celery,PMS 5783 C,#A8BCA4,,PMS to Ink chart
Pale Green,PMS 622 U,#B7D9C9,,PMS to Ink chart
Pacifica,PMS 631 C,#3EBBD7,,PMS to Ink chart
Scuba,PMS 632 C,#00B0B4,,PMS to Ink chart
Intense Blue,PMS 634 U,#00638B,,PMS to Ink chart
Light Turquoise,PMS 636 C,#A4DBEF,,PMS to Ink chart
Aquamarine,PMS 640 U,#0097C0,,PMS to Ink chart
Weathered Blue,PMS 647 C,#084F7B,,PMS to Ink chart
Dusty Blue,PMS 659 C,#3C8BC8,,PMS to Ink chart
Bay Blue,PMS 660 C,#0073BB,,PMS to Ink chart
African Violet,PMS 668 C,#484880,,PMS to Ink chart
Fuschia,PMS 673 C,#CC7898,,PMS to Ink chart
Rhodemine Red,PMS 675 U,#CF548B,,PMS to Ink chart
Maroon,PMS 690 C,#6C3440,,PMS to Ink chart
Dark Terra Cotta,PMS 696 C,#B8585C,,PMS to Ink chart
Berry,PMS 702 C,#E36078,,PMS to Ink chart
Coral Flame,PMS 709 U,#E44370,,PMS to Ink chart
Canoe Yellow,PMS 7403 C,#F5D88C,,PMS to Ink chart
Cavaliers Orange,PMS 7417 C,#F05024,,PMS to Ink chart
Orange Sherbet,PMS 7417 U,#F07054,,PMS to Ink chart
Sail Blue,PMS 7457 C,#C6EAFA,,PMS to Ink chart
Starlight Blue,PMS 7458 C,#64ABBB,,PMS to Ink chart
Capri,PMS 7461 C,#008FCF,,PMS to Ink chart
Washed Spruce,PMS 7476 U,#20686C,,PMS to Ink chart
Light Melon,PMS 7478 C,#84C89C,,PMS to Ink chart
Melon,PMS 7479 C,#1CB05C,,PMS to Ink chart
Margarita,PMS 7486 C,#BFE2AC,,PMS to Ink chart
Anise Seed,PMS 7492 C,#C3D196,,PMS to Ink chart
Garden Green,PMS 7490 U,#78A47C,,PMS to Ink chart
Rattan,PMS 7502 C,#E5CA83,,PMS to Ink chart
Beachwood,PMS 7503 U,#A79888,,PMS to Ink chart
Chamois,PMS 7508 C,#ECCCA3,,PMS to Ink chart
BC Flesh,PMS 7514 U,#D48468,,PMS to Ink chart
Woodtan,PMS 7518 C,#6B483C,,PMS to Ink chart
Oak,PMS 7527 C,#D5C8B8,,PMS to Ink chart
Champagne,PMS 7535 C,#D8C791,,PMS to Ink chart
Light Mushroom,PMS 7536 U,#A8A494,,PMS to Ink chart
Rain,PMS 7542 C,#B1CED4,,PMS to Ink chart
Light Grey,PMS 7545 U,#708894,,PMS to Ink chart
Storm,PMS 7546 C,#103C4C,,PMS to Ink chart
Graphite,PMS 7547 C,#082F3F,,PMS to Ink chart
Aztec Gold,PMS 8580 C,#B47848,,PMS to Ink chart
Canvas,PMS 9061 U,#F2EEE5,,PMS to Ink chart
Pink,PMS 9260 U,#FCE0DC,,PMS to Ink chart
Ice Blue,PMS 9410 U,#B8D5DB,,PMS to Ink chart
Fluor Yellow,PMS Yellow C,#FCF207,Yes,PMS to Ink chart
Fluor Blue,PMS 3005 C,#0097D7,Yes,PMS to Ink chart
Fluor Violet,PMS 7442 C,#842C94,Yes,PMS to Ink chart
Fluor Red,PMS 805 C,#EB3C3C,Yes,PMS to Ink chart
Fluor Lemon,PMS 809 C,#D4E01E,Yes,PMS to Ink chart
Fluor Pink,PMS 812 C,#EF588C,Yes,PMS to Ink chart
